person,company,role,year_graduated,linkedin_url
Zubaid Amadxarif,product manager graduate,,,https://www.linkedin.com/in/zvbaid/
Agape Lutonadio,FactSet,Software Engineer 2,,https://www.linkedin.com/in/agapelutonadio/
,,,,
Andrico Zacharia MBCS, Goldman Sachs,Software Engineer, ,	https://www.linkedin.com/in/andrico/
Aneta Miltko, Expedia,Software Engineer,, https://www.linkedin.com/in/aneta-miltko/
Akshita Ahuja,Allica Bank,Associate product owner,,,https://www.linkedin.com/in/akshitaahuja/
Alanzhir Mustafa, Lloyds, Software Engineer,https://www.linkedin.com/in/alanzhir/
Akriti Agrawal,Michael Page,Senior Consultant,,	https://www.linkedin.com/in/akriti-agarwal2193/
Anwar Hussain, Bank of America, Director,,https://www.linkedin.com/in/anwar-hussain-0118a91b/
Arko Chatterjee, Deloitte,Associate Director,, https://www.linkedin.com/in/arko-chatterjee/
Aryan Ahsan, Client Server, Tech Recruiter,,https://www.linkedin.com/in/aryan-ahsan
Ayesha Jawed, Altered Resourcing, Tech Recruiter,,	https://www.linkedin.com/in/ayesha-jawed-54915620a/
Chisambwe Kapihya, White Swan Data, Software Engineer,,https://www.linkedin.com/in/chisambwe/
Dan Wang, Singapore Airlines, Software Engineer,,https://www.linkedin.com/in/dan-wang-cn/
Eduards Lisovskis, Thought Machine, Software Engineer,,https://www.linkedin.com/in/eduards-lisovskis/
Fah'd Ibrahim, Barclays, KDB Developer,,https://www.linkedin.com/in/ibrahimf/
Gleb Mirolyubov, Cisco, Software Engineer,,	https://www.linkedin.com/in/gmirolyubov/
Jamie Perlmutter,SyncD, Principal Talent Partner,,https://www.linkedin.com/in/jamie-perlmutter/
,,,,
Abdulmalik Aldawsari,ELM(Riyadh),Manager AI delivery,,https://www.linkedin.com/in/abdulmalikaldawsari/
Adam Mansuri,PACE integration,Integration Lead,,https://www.linkedin.com/in/adam-mansuri-b83737193/
Ahareem Khalid, American Express, Software Engineer,,https://www.linkedin.com/in/ahareem-khalid-1b2aab196/
Abshir Ahmed,Popp,Head of Engineering,,
Abhimanyu Wadhwa,EY,Data and Analytics Consultant,,,
